{
  "inputs": {
    "a": "/Volumes/levy/raw/valerocabre/hemianotACS/Data/derivatives/bids/sub-0001/ses-01/eeg/sub-0001_ses-01_task-detection_run-1_eeg.vhdr",
    "b": "/Volumes/levy/raw/valerocabre/hemianotACS/Data/derivatives/bids/sub-0002/ses-01/eeg/sub-0002_ses-01_task-rest_acq-EC_run-1_eeg.vhdr"
  },
  "channel_rejection": {
    "n_bad": {
      "value_a": 0.0,
      "value_b": 0.0,
      "abs_diff": 0.0,
      "rel_diff": 0.0
    },
    "rate": {
      "value_a": 0.0,
      "value_b": 0.0,
      "abs_diff": 0.0,
      "rel_diff": 0.0
    },
    "only_in_a": [],
    "only_in_b": [],
    "divergent": false
  },
  "window_rejection": {
    "rejection_rate": {
      "value_a": null,
      "value_b": null,
      "abs_diff": null,
      "rel_diff": null
    },
    "n_rejected": {
      "value_a": null,
      "value_b": null,
      "abs_diff": null,
      "rel_diff": null
    }
  },
  "ica": {
    "n_components": {
      "value_a": null,
      "value_b": null,
      "abs_diff": null,
      "rel_diff": null
    },
    "n_excluded": {
      "value_a": null,
      "value_b": null,
      "abs_diff": null,
      "rel_diff": null
    },
    "exclusion_rate": {
      "value_a": null,
      "value_b": null,
      "abs_diff": null,
      "rel_diff": null
    }
  },
  "psd": {
    "delta": {
      "value_a": 19.08617501115834,
      "value_b": 0.12779512133072884,
      "abs_diff": 18.95837988982761,
      "rel_diff": 0.9933043094671397
    },
    "theta": {
      "value_a": 2.3107628839111105,
      "value_b": 0.03577899853204492,
      "abs_diff": 2.2749838853790654,
      "rel_diff": 0.9845163695586598
    },
    "alpha": {
      "value_a": 0.7049895317758451,
      "value_b": 0.09987490149333962,
      "abs_diff": 0.6051146302825055,
      "rel_diff": 0.8583313694860715
    },
    "beta": {
      "value_a": 0.2516764696063641,
      "value_b": 0.009118652052231245,
      "abs_diff": 0.24255781755413283,
      "rel_diff": 0.9637683567856251
    },
    "gamma": {
      "value_a": 0.08191851085975416,
      "value_b": 0.0054150944552290485,
      "abs_diff": 0.07650341640452511,
      "rel_diff": 0.9338965711364092
    },
    "line_noise_50hz": {
      "value_a": 17.255145378910015,
      "value_b": 2.007327071315094,
      "abs_diff": 15.24781830759492,
      "rel_diff": 0.8836679131218137
    }
  },
  "signal_quality": {
    "rms": {
      "value_a": 0.0005003433002360406,
      "value_b": 0.00014352029736202062,
      "abs_diff": 0.00035682300287401996,
      "rel_diff": 0.7131563522599106
    },
    "kurtosis": {
      "value_a": 36.73183734915482,
      "value_b": 136.0119970556089,
      "abs_diff": 99.28015970645407,
      "rel_diff": 2.702836745212214
    },
    "snr": {
      "value_a": 646.8720969213919,
      "value_b": 82.45722624067218,
      "abs_diff": 564.4148706807197,
      "rel_diff": 0.872529319732441
    }
  }
}